crew_id,flight_id,crew_role,hours_worked
C1000,FL1017,Pilot,7.5
C1001,FL1293,Pilot,5.0
C1002,FL1194,Pilot,8.4
C1003,FL1150,Attendant,10.8
C1004,FL1479,Attendant,10.5
C1005,FL1364,Co-Pilot,9.5
C1006,FL1122,Attendant,9.5
C1007,FL1399,Co-Pilot,12.4
C1008,FL1186,Co-Pilot,9.7
C1009,FL1452,Co-Pilot,9.9
C1010,FL1451,Co-Pilot,5.1
C1011,FL1148,Co-Pilot,10.7
C1012,FL1103,Pilot,8.8
C1013,FL1242,Attendant,7.8
C1014,FL1461,Pilot,7.3
C1015,FL1230,Co-Pilot,6.9
C1016,FL1478,Attendant,10.5
C1017,FL1205,Pilot,7.9
C1018,FL1197,Pilot,7.0
C1019,FL1395,Co-Pilot,6.5
C1020,FL1399,Pilot,8.3
C1021,FL1336,Pilot,7.3
C1022,FL1492,Pilot,6.8
C1023,FL1086,Pilot,5.2
C1024,FL1141,Pilot,9.9
C1025,FL1316,Co-Pilot,7.7
C1026,FL1198,Co-Pilot,5.8
C1027,FL1045,Pilot,7.5
C1028,FL1287,Co-Pilot,9.1
C1029,FL1014,Co-Pilot,8.1
C1030,FL1043,Attendant,8.4
C1031,FL1400,Pilot,8.1
C1032,FL1168,Co-Pilot,5.4
C1033,FL1309,Co-Pilot,9.9
C1034,FL1494,Pilot,4.6
C1035,FL1043,Attendant,8.9
C1036,FL1097,Pilot,9.2
C1037,FL1260,Attendant,7.6
C1038,FL1108,Pilot,8.7
C1039,FL1282,Pilot,7.4
C1040,FL1371,Pilot,8.7
C1041,FL1342,Pilot,10.0
C1042,FL1103,Attendant,6.4
C1043,FL1255,Attendant,9.3
C1044,FL1378,Co-Pilot,11.4
C1045,FL1205,Pilot,8.5
C1046,FL1334,Attendant,7.0
C1047,FL1042,Attendant,12.5
C1048,FL1352,Attendant,8.2
C1049,FL1244,Pilot,8.5
C1050,FL1286,Co-Pilot,8.5
C1051,FL1354,Attendant,8.9
C1052,FL1272,Pilot,7.3
C1053,FL1475,Attendant,8.4
C1054,FL1082,Attendant,9.9
C1055,FL1109,Co-Pilot,7.3
C1056,FL1437,Attendant,7.2
C1057,FL1189,Attendant,7.4
C1058,FL1470,Pilot,5.8
C1059,FL1287,Pilot,6.6
C1060,FL1423,Co-Pilot,6.6
C1061,FL1396,Pilot,8.0
C1062,FL1250,Pilot,9.7
C1063,FL1211,Co-Pilot,10.9
C1064,FL1290,Attendant,8.1
C1065,FL1132,Co-Pilot,8.9
C1066,FL1200,Pilot,8.5
C1067,FL1284,Co-Pilot,3.8
C1068,FL1325,Attendant,5.7
C1069,FL1408,Co-Pilot,9.5
C1070,FL1094,Pilot,9.7
C1071,FL1277,Pilot,9.7
C1072,FL1449,Co-Pilot,7.6
C1073,FL1428,Attendant,4.0
C1074,FL1324,Co-Pilot,5.9
C1075,FL1218,Attendant,6.2
C1076,FL1088,Attendant,9.3
C1077,FL1071,Co-Pilot,7.3
C1078,FL1246,Attendant,11.4
C1079,FL1128,Pilot,10.9
C1080,FL1211,Co-Pilot,11.3
C1081,FL1427,Attendant,6.2
C1082,FL1342,Pilot,9.0
C1083,FL1095,Co-Pilot,7.0
C1084,FL1074,Pilot,8.7
C1085,FL1422,Pilot,6.4
C1086,FL1494,Pilot,10.5
C1087,FL1053,Attendant,6.4
C1088,FL1343,Co-Pilot,4.1
C1089,FL1458,Co-Pilot,12.1
C1090,FL1412,Attendant,8.9
C1091,FL1053,Co-Pilot,5.9
C1092,FL1217,Pilot,7.7
C1093,FL1015,Co-Pilot,6.8
C1094,FL1098,Attendant,8.0
C1095,FL1019,Pilot,9.6
C1096,FL1045,Attendant,9.3
C1097,FL1450,Pilot,8.5
C1098,FL1192,Pilot,8.0
C1099,FL1382,Co-Pilot,10.2
C1100,FL1057,Pilot,4.1
C1101,FL1436,Attendant,6.5
C1102,FL1110,Co-Pilot,6.0
C1103,FL1128,Attendant,10.0
C1104,FL1336,Pilot,6.5
C1105,FL1193,Attendant,5.4
C1106,FL1412,Attendant,9.1
C1107,FL1339,Pilot,6.2
C1108,FL1325,Co-Pilot,7.3
C1109,FL1007,Attendant,12.8
C1110,FL1028,Pilot,9.6
C1111,FL1111,Co-Pilot,7.6
C1112,FL1434,Co-Pilot,7.8
C1113,FL1160,Co-Pilot,9.8
C1114,FL1130,Attendant,9.3
C1115,FL1187,Attendant,8.2
C1116,FL1162,Attendant,8.2
C1117,FL1196,Co-Pilot,5.0
C1118,FL1474,Attendant,4.6
C1119,FL1363,Pilot,7.6
C1120,FL1203,Attendant,6.7
C1121,FL1211,Attendant,9.2
C1122,FL1108,Co-Pilot,8.4
C1123,FL1275,Attendant,6.5
C1124,FL1072,Pilot,8.3
C1125,FL1166,Co-Pilot,7.2
C1126,FL1259,Pilot,12.1
C1127,FL1242,Co-Pilot,8.8
C1128,FL1274,Co-Pilot,4.9
C1129,FL1101,Attendant,11.6
C1130,FL1474,Pilot,6.7
C1131,FL1172,Co-Pilot,6.1
C1132,FL1170,Attendant,12.3
C1133,FL1140,Co-Pilot,8.7
C1134,FL1396,Co-Pilot,9.4
C1135,FL1187,Co-Pilot,9.5
C1136,FL1440,Co-Pilot,7.6
C1137,FL1085,Co-Pilot,6.9
C1138,FL1475,Co-Pilot,7.2
C1139,FL1051,Attendant,11.2
C1140,FL1110,Co-Pilot,8.4
C1141,FL1436,Pilot,10.6
C1142,FL1364,Attendant,7.8
C1143,FL1341,Pilot,6.5
C1144,FL1042,Co-Pilot,5.1
C1145,FL1210,Pilot,9.3
C1146,FL1455,Co-Pilot,11.4
C1147,FL1499,Co-Pilot,6.2
C1148,FL1199,Attendant,9.0
C1149,FL1297,Attendant,5.2
C1150,FL1345,Co-Pilot,6.9
C1151,FL1239,Attendant,8.5
C1152,FL1114,Pilot,4.5
C1153,FL1025,Attendant,8.0
C1154,FL1406,Attendant,6.3
C1155,FL1298,Pilot,9.2
C1156,FL1076,Attendant,7.7
C1157,FL1411,Co-Pilot,9.9
C1158,FL1136,Pilot,7.4
C1159,FL1019,Co-Pilot,5.3
C1160,FL1439,Pilot,5.0
C1161,FL1210,Co-Pilot,4.2
C1162,FL1239,Co-Pilot,9.3
C1163,FL1038,Attendant,13.1
C1164,FL1434,Co-Pilot,8.9
C1165,FL1267,Attendant,11.3
C1166,FL1206,Pilot,10.3
C1167,FL1478,Co-Pilot,7.0
C1168,FL1438,Co-Pilot,10.5
C1169,FL1461,Pilot,7.0
C1170,FL1266,Pilot,7.1
C1171,FL1153,Co-Pilot,7.6
C1172,FL1041,Pilot,7.7
C1173,FL1410,Attendant,9.3
C1174,FL1010,Pilot,6.7
C1175,FL1293,Pilot,9.8
C1176,FL1097,Co-Pilot,9.7
C1177,FL1426,Attendant,8.7
C1178,FL1274,Pilot,11.9
C1179,FL1447,Attendant,10.6
C1180,FL1389,Attendant,10.1
C1181,FL1429,Attendant,8.1
C1182,FL1371,Co-Pilot,8.7
C1183,FL1229,Pilot,9.0
C1184,FL1368,Co-Pilot,8.0
C1185,FL1425,Pilot,7.2
C1186,FL1219,Pilot,3.2
C1187,FL1064,Co-Pilot,9.4
C1188,FL1354,Attendant,10.1
C1189,FL1231,Attendant,5.7
C1190,FL1327,Pilot,9.2
C1191,FL1442,Co-Pilot,6.8
C1192,FL1051,Attendant,7.3
C1193,FL1373,Attendant,10.6
C1194,FL1430,Pilot,6.0
C1195,FL1375,Pilot,6.0
C1196,FL1262,Co-Pilot,11.6
C1197,FL1266,Pilot,7.7
C1198,FL1358,Attendant,10.5
C1199,FL1316,Attendant,4.8
C1200,FL1323,Attendant,5.0
C1201,FL1408,Attendant,6.2
C1202,FL1395,Co-Pilot,7.0
C1203,FL1153,Co-Pilot,5.2
C1204,FL1357,Pilot,8.7
C1205,FL1365,Pilot,8.9
C1206,FL1139,Pilot,6.2
C1207,FL1426,Co-Pilot,6.4
C1208,FL1050,Attendant,6.6
C1209,FL1116,Pilot,5.7
C1210,FL1420,Attendant,2.2
C1211,FL1045,Pilot,7.8
C1212,FL1308,Pilot,7.1
C1213,FL1087,Pilot,7.3
C1214,FL1207,Pilot,6.0
C1215,FL1376,Pilot,9.6
C1216,FL1268,Attendant,12.9
C1217,FL1088,Pilot,6.3
C1218,FL1380,Attendant,10.8
C1219,FL1117,Co-Pilot,8.7
C1220,FL1053,Pilot,8.1
C1221,FL1440,Attendant,7.3
C1222,FL1115,Co-Pilot,7.8
C1223,FL1117,Co-Pilot,10.3
C1224,FL1259,Co-Pilot,5.7
C1225,FL1074,Attendant,7.4
C1226,FL1479,Pilot,10.5
C1227,FL1304,Pilot,10.0
C1228,FL1006,Attendant,5.8
C1229,FL1365,Pilot,7.6
C1230,FL1121,Attendant,9.5
C1231,FL1010,Pilot,9.3
C1232,FL1347,Co-Pilot,10.0
C1233,FL1437,Pilot,8.8
C1234,FL1488,Attendant,9.1
C1235,FL1214,Attendant,8.7
C1236,FL1428,Co-Pilot,11.2
C1237,FL1278,Attendant,7.2
C1238,FL1497,Pilot,8.1
C1239,FL1027,Pilot,6.0
C1240,FL1234,Co-Pilot,5.6
C1241,FL1366,Attendant,8.6
C1242,FL1312,Co-Pilot,6.6
C1243,FL1025,Pilot,7.9
C1244,FL1408,Co-Pilot,11.2
C1245,FL1053,Attendant,11.1
C1246,FL1028,Co-Pilot,12.4
C1247,FL1466,Attendant,11.3
C1248,FL1352,Attendant,12.8
C1249,FL1163,Pilot,8.9
C1250,FL1269,Pilot,6.2
C1251,FL1333,Pilot,6.0
C1252,FL1034,Attendant,10.8
C1253,FL1285,Co-Pilot,8.1
C1254,FL1347,Attendant,8.3
C1255,FL1272,Pilot,6.9
C1256,FL1450,Pilot,7.1
C1257,FL1207,Co-Pilot,8.8
C1258,FL1237,Pilot,5.9
C1259,FL1413,Pilot,8.5
C1260,FL1499,Pilot,11.0
C1261,FL1092,Co-Pilot,3.7
C1262,FL1172,Attendant,4.9
C1263,FL1078,Pilot,9.4
C1264,FL1109,Co-Pilot,10.7
C1265,FL1216,Pilot,7.0
C1266,FL1434,Co-Pilot,4.0
C1267,FL1357,Pilot,10.9
C1268,FL1105,Co-Pilot,6.4
C1269,FL1046,Pilot,7.3
C1270,FL1180,Attendant,8.6
C1271,FL1063,Pilot,6.7
C1272,FL1245,Co-Pilot,6.2
C1273,FL1243,Pilot,6.3
C1274,FL1421,Attendant,11.7
C1275,FL1319,Pilot,10.3
C1276,FL1086,Co-Pilot,9.1
C1277,FL1216,Co-Pilot,3.6
C1278,FL1489,Attendant,9.2
C1279,FL1006,Co-Pilot,9.0
C1280,FL1277,Pilot,5.4
C1281,FL1336,Pilot,8.5
C1282,FL1209,Pilot,10.1
C1283,FL1496,Co-Pilot,9.1
C1284,FL1168,Pilot,6.6
C1285,FL1329,Pilot,8.0
C1286,FL1137,Pilot,9.5
C1287,FL1440,Attendant,8.1
C1288,FL1390,Co-Pilot,10.5
C1289,FL1495,Co-Pilot,8.8
C1290,FL1380,Co-Pilot,9.5
C1291,FL1305,Attendant,9.6
C1292,FL1229,Co-Pilot,5.9
C1293,FL1474,Attendant,8.1
C1294,FL1307,Attendant,7.3
C1295,FL1160,Co-Pilot,10.1
C1296,FL1000,Pilot,8.9
C1297,FL1235,Pilot,7.6
C1298,FL1436,Co-Pilot,5.4
C1299,FL1187,Co-Pilot,4.8
C1300,FL1417,Attendant,8.6
C1301,FL1003,Co-Pilot,6.6
C1302,FL1400,Attendant,9.3
C1303,FL1131,Co-Pilot,4.7
C1304,FL1426,Pilot,11.2
C1305,FL1217,Pilot,9.3
C1306,FL1259,Co-Pilot,8.2
C1307,FL1000,Attendant,11.4
C1308,FL1070,Pilot,9.9
C1309,FL1477,Attendant,7.0
C1310,FL1177,Co-Pilot,8.2
C1311,FL1456,Co-Pilot,4.1
C1312,FL1188,Pilot,10.1
C1313,FL1290,Co-Pilot,7.4
C1314,FL1007,Pilot,4.0
C1315,FL1252,Attendant,5.6
C1316,FL1407,Pilot,9.7
C1317,FL1466,Pilot,11.2
C1318,FL1291,Attendant,8.0
C1319,FL1433,Pilot,6.0
C1320,FL1243,Pilot,5.2
C1321,FL1122,Co-Pilot,10.8
C1322,FL1298,Attendant,8.9
C1323,FL1282,Pilot,7.3
C1324,FL1031,Attendant,6.9
C1325,FL1333,Attendant,9.3
C1326,FL1376,Pilot,9.3
C1327,FL1145,Co-Pilot,6.2
C1328,FL1155,Attendant,5.7
C1329,FL1412,Pilot,5.8
C1330,FL1015,Attendant,7.1
C1331,FL1354,Co-Pilot,6.6
C1332,FL1046,Co-Pilot,11.2
C1333,FL1250,Co-Pilot,7.0
C1334,FL1186,Pilot,5.5
C1335,FL1030,Pilot,5.6
C1336,FL1259,Co-Pilot,7.6
C1337,FL1420,Pilot,4.4
C1338,FL1016,Co-Pilot,7.9
C1339,FL1038,Pilot,5.3
C1340,FL1303,Co-Pilot,10.3
C1341,FL1429,Attendant,8.2
C1342,FL1473,Co-Pilot,12.2
C1343,FL1431,Co-Pilot,7.5
C1344,FL1038,Pilot,1.7
C1345,FL1488,Pilot,10.9
C1346,FL1131,Pilot,9.0
C1347,FL1029,Pilot,9.3
C1348,FL1157,Pilot,6.0
C1349,FL1277,Pilot,7.9
C1350,FL1202,Attendant,8.4
C1351,FL1065,Co-Pilot,7.5
C1352,FL1107,Co-Pilot,4.5
C1353,FL1267,Co-Pilot,13.5
C1354,FL1221,Attendant,9.7
C1355,FL1291,Co-Pilot,8.8
C1356,FL1017,Attendant,10.6
C1357,FL1089,Attendant,9.3
C1358,FL1180,Attendant,6.6
C1359,FL1254,Co-Pilot,10.5
C1360,FL1454,Attendant,9.7
C1361,FL1252,Co-Pilot,6.7
C1362,FL1256,Co-Pilot,9.6
C1363,FL1382,Pilot,7.5
C1364,FL1441,Pilot,8.4
C1365,FL1345,Attendant,9.2
C1366,FL1086,Attendant,10.7
C1367,FL1089,Co-Pilot,6.7
C1368,FL1236,Attendant,8.7
C1369,FL1389,Attendant,12.0
C1370,FL1069,Co-Pilot,7.6
C1371,FL1043,Attendant,8.4
C1372,FL1199,Attendant,12.0
C1373,FL1151,Co-Pilot,9.3
C1374,FL1085,Co-Pilot,5.1
C1375,FL1018,Pilot,6.4
C1376,FL1100,Co-Pilot,9.4
C1377,FL1401,Pilot,8.8
C1378,FL1094,Attendant,8.3
C1379,FL1253,Co-Pilot,12.3
C1380,FL1356,Co-Pilot,6.8
C1381,FL1029,Co-Pilot,7.9
C1382,FL1248,Attendant,4.1
C1383,FL1425,Pilot,10.3
C1384,FL1032,Attendant,6.4
C1385,FL1457,Attendant,10.1
C1386,FL1228,Co-Pilot,9.9
C1387,FL1011,Pilot,12.7
C1388,FL1117,Attendant,9.3
C1389,FL1349,Co-Pilot,7.3
C1390,FL1154,Attendant,8.9
C1391,FL1422,Attendant,6.5
C1392,FL1392,Co-Pilot,8.6
C1393,FL1245,Co-Pilot,7.6
C1394,FL1404,Pilot,7.9
C1395,FL1331,Attendant,6.2
C1396,FL1246,Co-Pilot,8.6
C1397,FL1028,Co-Pilot,9.6
C1398,FL1160,Pilot,4.7
C1399,FL1234,Pilot,6.6
C1400,FL1189,Co-Pilot,8.3
C1401,FL1116,Pilot,3.3
C1402,FL1270,Co-Pilot,11.5
C1403,FL1257,Attendant,6.6
C1404,FL1179,Pilot,6.1
C1405,FL1486,Attendant,7.6
C1406,FL1372,Attendant,8.3
C1407,FL1171,Attendant,6.5
C1408,FL1437,Co-Pilot,10.0
C1409,FL1273,Attendant,8.8
C1410,FL1258,Attendant,6.3
C1411,FL1134,Attendant,7.0
C1412,FL1170,Co-Pilot,5.0
C1413,FL1209,Attendant,5.5
C1414,FL1235,Attendant,8.8
C1415,FL1421,Pilot,6.3
C1416,FL1420,Co-Pilot,11.6
C1417,FL1185,Attendant,8.1
C1418,FL1416,Pilot,5.3
C1419,FL1363,Co-Pilot,5.7
C1420,FL1442,Co-Pilot,10.1
C1421,FL1094,Co-Pilot,7.8
C1422,FL1377,Co-Pilot,10.0
C1423,FL1010,Co-Pilot,7.3
C1424,FL1067,Co-Pilot,6.9
C1425,FL1378,Attendant,10.2
C1426,FL1209,Attendant,6.3
C1427,FL1195,Attendant,9.0
C1428,FL1368,Attendant,7.6
C1429,FL1097,Pilot,9.8
C1430,FL1092,Attendant,11.6
C1431,FL1471,Co-Pilot,7.2
C1432,FL1021,Attendant,6.9
C1433,FL1449,Attendant,9.3
C1434,FL1171,Co-Pilot,5.8
C1435,FL1382,Attendant,11.2
C1436,FL1133,Attendant,10.9
C1437,FL1425,Attendant,6.0
C1438,FL1024,Pilot,4.8
C1439,FL1184,Attendant,5.7
C1440,FL1084,Co-Pilot,5.7
C1441,FL1054,Co-Pilot,9.6
C1442,FL1250,Attendant,11.1
C1443,FL1143,Attendant,9.6
C1444,FL1350,Attendant,7.5
C1445,FL1397,Co-Pilot,8.7
C1446,FL1166,Co-Pilot,6.3
C1447,FL1411,Pilot,10.2
C1448,FL1223,Pilot,8.9
C1449,FL1219,Pilot,9.5
C1450,FL1178,Co-Pilot,6.5
C1451,FL1118,Pilot,7.7
C1452,FL1432,Attendant,9.5
C1453,FL1264,Attendant,10.9
C1454,FL1441,Co-Pilot,6.8
C1455,FL1428,Pilot,9.6
C1456,FL1149,Attendant,6.6
C1457,FL1415,Co-Pilot,12.2
C1458,FL1452,Pilot,7.2
C1459,FL1214,Attendant,9.3
C1460,FL1196,Pilot,8.3
C1461,FL1041,Co-Pilot,13.2
C1462,FL1052,Pilot,8.5
C1463,FL1479,Co-Pilot,7.0
C1464,FL1442,Pilot,9.3
C1465,FL1329,Attendant,9.2
C1466,FL1250,Co-Pilot,7.7
C1467,FL1294,Co-Pilot,5.8
C1468,FL1377,Co-Pilot,6.9
C1469,FL1270,Pilot,9.8
C1470,FL1454,Pilot,4.5
C1471,FL1412,Attendant,7.5
C1472,FL1122,Co-Pilot,10.0
C1473,FL1366,Co-Pilot,7.8
C1474,FL1386,Pilot,12.3
C1475,FL1338,Pilot,4.5
C1476,FL1265,Attendant,6.1
C1477,FL1347,Attendant,3.4
C1478,FL1028,Pilot,12.0
C1479,FL1462,Co-Pilot,6.1
C1480,FL1034,Attendant,4.0
C1481,FL1005,Pilot,6.8
C1482,FL1395,Pilot,5.2
C1483,FL1110,Co-Pilot,6.8
C1484,FL1293,Pilot,8.1
C1485,FL1076,Pilot,9.6
C1486,FL1348,Attendant,7.7
C1487,FL1146,Pilot,8.1
C1488,FL1066,Pilot,6.8
C1489,FL1391,Attendant,5.0
C1490,FL1007,Co-Pilot,4.3
C1491,FL1121,Co-Pilot,7.3
C1492,FL1339,Attendant,8.2
C1493,FL1174,Attendant,7.1
C1494,FL1387,Co-Pilot,4.4
C1495,FL1178,Co-Pilot,8.4
C1496,FL1084,Co-Pilot,11.3
C1497,FL1450,Co-Pilot,7.8
C1498,FL1044,Co-Pilot,6.8
C1499,FL1135,Attendant,7.9
C1500,FL1342,Pilot,5.8
C1501,FL1015,Co-Pilot,5.7
C1502,FL1332,Co-Pilot,8.9
C1503,FL1194,Pilot,10.0
C1504,FL1495,Pilot,7.7
C1505,FL1008,Pilot,4.1
C1506,FL1315,Pilot,8.7
C1507,FL1333,Pilot,12.1
C1508,FL1332,Pilot,7.5
C1509,FL1326,Attendant,7.6
C1510,FL1014,Pilot,6.3
C1511,FL1326,Pilot,9.0
C1512,FL1101,Attendant,6.7
C1513,FL1225,Pilot,10.0
C1514,FL1424,Co-Pilot,6.7
C1515,FL1277,Co-Pilot,8.7
C1516,FL1407,Pilot,7.9
C1517,FL1112,Attendant,11.1
C1518,FL1484,Co-Pilot,8.8
C1519,FL1427,Attendant,10.8
C1520,FL1000,Co-Pilot,8.2
C1521,FL1265,Pilot,7.7
C1522,FL1490,Attendant,7.9
C1523,FL1207,Attendant,6.5
C1524,FL1109,Attendant,9.1
C1525,FL1199,Co-Pilot,6.6
C1526,FL1439,Co-Pilot,8.2
C1527,FL1368,Co-Pilot,9.7
C1528,FL1472,Pilot,11.2
C1529,FL1305,Co-Pilot,8.3
C1530,FL1011,Pilot,9.7
C1531,FL1344,Attendant,9.5
C1532,FL1464,Attendant,7.2
C1533,FL1187,Pilot,12.2
C1534,FL1153,Co-Pilot,6.8
C1535,FL1493,Pilot,8.2
C1536,FL1367,Attendant,10.9
C1537,FL1333,Attendant,10.9
C1538,FL1424,Pilot,8.0
C1539,FL1419,Co-Pilot,10.0
C1540,FL1376,Co-Pilot,7.6
C1541,FL1278,Pilot,7.0
C1542,FL1170,Pilot,5.6
C1543,FL1133,Co-Pilot,9.4
C1544,FL1494,Attendant,9.7
C1545,FL1452,Pilot,6.9
C1546,FL1426,Co-Pilot,8.5
C1547,FL1024,Co-Pilot,13.3
C1548,FL1017,Attendant,10.3
C1549,FL1189,Attendant,6.2
C1550,FL1140,Attendant,10.0
C1551,FL1042,Attendant,6.2
C1552,FL1333,Attendant,2.2
C1553,FL1283,Pilot,8.0
C1554,FL1145,Co-Pilot,11.1
C1555,FL1314,Pilot,10.8
C1556,FL1443,Pilot,8.8
C1557,FL1318,Pilot,6.9
C1558,FL1440,Pilot,9.0
C1559,FL1091,Pilot,7.5
C1560,FL1178,Attendant,7.0
C1561,FL1055,Attendant,10.1
C1562,FL1154,Co-Pilot,6.9
C1563,FL1159,Pilot,10.3
C1564,FL1110,Co-Pilot,6.8
C1565,FL1136,Attendant,12.1
C1566,FL1231,Attendant,4.7
C1567,FL1479,Attendant,6.1
C1568,FL1467,Pilot,7.7
C1569,FL1219,Pilot,4.0
C1570,FL1480,Attendant,2.9
C1571,FL1067,Co-Pilot,4.0
C1572,FL1301,Co-Pilot,7.4
C1573,FL1248,Attendant,7.5
C1574,FL1481,Co-Pilot,8.7
C1575,FL1495,Attendant,7.6
C1576,FL1322,Co-Pilot,8.6
C1577,FL1409,Attendant,7.1
C1578,FL1391,Co-Pilot,9.4
C1579,FL1005,Pilot,9.2
C1580,FL1463,Attendant,7.3
C1581,FL1279,Attendant,9.1
C1582,FL1431,Co-Pilot,7.6
C1583,FL1486,Attendant,5.0
C1584,FL1093,Attendant,9.8
C1585,FL1428,Attendant,6.2
C1586,FL1268,Pilot,9.8
C1587,FL1196,Pilot,8.6
C1588,FL1024,Co-Pilot,7.8
C1589,FL1147,Pilot,4.2
C1590,FL1117,Co-Pilot,11.1
C1591,FL1337,Pilot,7.3
C1592,FL1366,Co-Pilot,9.3
C1593,FL1337,Pilot,7.8
C1594,FL1065,Pilot,7.5
C1595,FL1457,Co-Pilot,8.4
C1596,FL1300,Attendant,8.1
C1597,FL1369,Attendant,7.5
C1598,FL1174,Pilot,7.9
C1599,FL1318,Co-Pilot,8.9
C1600,FL1075,Attendant,9.0
C1601,FL1494,Co-Pilot,8.1
C1602,FL1460,Attendant,9.2
C1603,FL1113,Co-Pilot,7.2
C1604,FL1110,Pilot,12.4
C1605,FL1248,Co-Pilot,11.0
C1606,FL1438,Attendant,9.5
C1607,FL1202,Pilot,4.1
C1608,FL1146,Co-Pilot,9.2
C1609,FL1034,Attendant,7.3
C1610,FL1486,Pilot,6.0
C1611,FL1308,Co-Pilot,7.3
C1612,FL1025,Attendant,6.3
C1613,FL1237,Co-Pilot,9.0
C1614,FL1013,Co-Pilot,11.2
C1615,FL1373,Pilot,9.7
C1616,FL1044,Pilot,13.5
C1617,FL1427,Attendant,4.9
C1618,FL1215,Pilot,7.0
C1619,FL1232,Attendant,6.1
C1620,FL1192,Co-Pilot,10.5
C1621,FL1050,Co-Pilot,7.6
C1622,FL1426,Attendant,8.4
C1623,FL1374,Co-Pilot,9.3
C1624,FL1213,Pilot,5.1
C1625,FL1150,Co-Pilot,6.8
C1626,FL1439,Pilot,10.0
C1627,FL1274,Attendant,6.9
C1628,FL1337,Attendant,4.6
C1629,FL1075,Co-Pilot,6.2
C1630,FL1438,Co-Pilot,7.4
C1631,FL1219,Pilot,8.3
C1632,FL1347,Pilot,7.9
C1633,FL1443,Co-Pilot,6.8
C1634,FL1186,Co-Pilot,9.9
C1635,FL1288,Attendant,7.7
C1636,FL1402,Attendant,8.4
C1637,FL1027,Attendant,6.9
C1638,FL1378,Co-Pilot,11.0
C1639,FL1179,Co-Pilot,7.2
C1640,FL1252,Co-Pilot,8.1
C1641,FL1125,Attendant,10.1
C1642,FL1176,Co-Pilot,8.6
C1643,FL1036,Pilot,8.5
C1644,FL1409,Co-Pilot,4.1
C1645,FL1098,Co-Pilot,9.4
C1646,FL1097,Co-Pilot,8.1
C1647,FL1126,Co-Pilot,9.1
C1648,FL1482,Co-Pilot,8.4
C1649,FL1167,Pilot,6.9
C1650,FL1079,Pilot,9.8
C1651,FL1293,Co-Pilot,8.4
C1652,FL1332,Attendant,5.4
C1653,FL1125,Co-Pilot,10.6
C1654,FL1342,Co-Pilot,5.1
C1655,FL1309,Co-Pilot,9.8
C1656,FL1149,Attendant,11.0
C1657,FL1015,Attendant,5.8
C1658,FL1027,Attendant,7.8
C1659,FL1495,Pilot,7.6
C1660,FL1418,Attendant,7.7
C1661,FL1443,Pilot,11.7
C1662,FL1172,Pilot,5.8
C1663,FL1045,Attendant,7.4
C1664,FL1327,Attendant,11.0
C1665,FL1235,Attendant,7.4
C1666,FL1438,Pilot,6.1
C1667,FL1213,Co-Pilot,8.5
C1668,FL1084,Attendant,9.6
C1669,FL1281,Attendant,7.2
C1670,FL1231,Attendant,9.1
C1671,FL1084,Pilot,5.2
C1672,FL1408,Pilot,5.4
C1673,FL1488,Co-Pilot,7.1
C1674,FL1064,Attendant,9.2
C1675,FL1133,Pilot,9.5
C1676,FL1150,Co-Pilot,5.6
C1677,FL1114,Attendant,9.4
C1678,FL1063,Pilot,8.3
C1679,FL1342,Attendant,6.2
C1680,FL1426,Attendant,5.3
C1681,FL1362,Pilot,8.5
C1682,FL1406,Pilot,10.6
C1683,FL1351,Pilot,8.1
C1684,FL1157,Attendant,6.1
C1685,FL1076,Attendant,4.3
C1686,FL1490,Co-Pilot,11.1
C1687,FL1145,Attendant,10.1
C1688,FL1342,Pilot,8.6
C1689,FL1462,Attendant,11.0
C1690,FL1224,Co-Pilot,8.4
C1691,FL1404,Co-Pilot,6.9
C1692,FL1312,Pilot,9.1
C1693,FL1102,Pilot,6.3
C1694,FL1406,Co-Pilot,6.0
C1695,FL1346,Co-Pilot,9.5
C1696,FL1300,Co-Pilot,9.7
C1697,FL1427,Pilot,5.5
C1698,FL1465,Co-Pilot,5.5
C1699,FL1087,Co-Pilot,7.1
C1700,FL1370,Pilot,6.6
C1701,FL1302,Attendant,9.0
C1702,FL1167,Attendant,8.1
C1703,FL1434,Co-Pilot,10.3
C1704,FL1169,Attendant,8.6
C1705,FL1134,Attendant,6.7
C1706,FL1049,Attendant,4.2
C1707,FL1431,Attendant,8.4
C1708,FL1339,Co-Pilot,4.6
C1709,FL1346,Attendant,6.7
C1710,FL1133,Attendant,6.6
C1711,FL1346,Pilot,7.0
C1712,FL1136,Co-Pilot,5.4
C1713,FL1244,Pilot,6.5
C1714,FL1108,Pilot,10.3
C1715,FL1312,Co-Pilot,10.3
C1716,FL1286,Attendant,11.1
C1717,FL1020,Pilot,8.0
C1718,FL1089,Co-Pilot,8.5
C1719,FL1295,Attendant,10.3
C1720,FL1111,Co-Pilot,5.1
C1721,FL1300,Pilot,9.6
C1722,FL1076,Attendant,10.6
C1723,FL1176,Attendant,6.2
C1724,FL1342,Co-Pilot,10.8
C1725,FL1147,Attendant,12.1
C1726,FL1100,Pilot,9.6
C1727,FL1245,Pilot,9.2
C1728,FL1116,Pilot,5.8
C1729,FL1091,Co-Pilot,10.1
C1730,FL1400,Attendant,5.9
C1731,FL1027,Attendant,8.7
C1732,FL1424,Attendant,8.9
C1733,FL1449,Pilot,1.4
C1734,FL1024,Attendant,8.8
C1735,FL1057,Pilot,13.2
C1736,FL1497,Attendant,3.8
C1737,FL1296,Pilot,7.9
C1738,FL1133,Attendant,4.1
C1739,FL1330,Co-Pilot,6.2
C1740,FL1248,Co-Pilot,4.1
C1741,FL1037,Pilot,8.3
C1742,FL1389,Pilot,9.6
C1743,FL1428,Attendant,8.8
C1744,FL1074,Attendant,6.1
C1745,FL1141,Co-Pilot,6.8
C1746,FL1321,Attendant,8.5
C1747,FL1167,Pilot,6.2
C1748,FL1258,Pilot,5.3
C1749,FL1372,Pilot,7.5
C1750,FL1354,Pilot,6.1
C1751,FL1224,Pilot,8.8
C1752,FL1151,Co-Pilot,10.6
C1753,FL1018,Co-Pilot,13.2
C1754,FL1145,Pilot,8.7
C1755,FL1447,Attendant,9.3
C1756,FL1240,Pilot,6.8
C1757,FL1371,Co-Pilot,6.9
C1758,FL1380,Pilot,10.6
C1759,FL1343,Co-Pilot,7.4
C1760,FL1236,Co-Pilot,8.1
C1761,FL1034,Pilot,10.4
C1762,FL1189,Pilot,7.5
C1763,FL1000,Attendant,11.0
C1764,FL1483,Co-Pilot,9.1
C1765,FL1152,Attendant,8.9
C1766,FL1428,Pilot,6.7
C1767,FL1432,Co-Pilot,9.0
C1768,FL1125,Attendant,7.1
C1769,FL1490,Attendant,8.9
C1770,FL1481,Attendant,7.8
C1771,FL1344,Pilot,9.9
C1772,FL1399,Pilot,7.9
C1773,FL1225,Pilot,12.1
C1774,FL1220,Co-Pilot,7.4
C1775,FL1402,Pilot,6.9
C1776,FL1406,Co-Pilot,8.7
C1777,FL1210,Attendant,10.2
C1778,FL1024,Attendant,10.1
C1779,FL1015,Pilot,8.3
C1780,FL1181,Attendant,8.7
C1781,FL1498,Pilot,8.7
C1782,FL1328,Co-Pilot,5.8
C1783,FL1128,Attendant,10.0
C1784,FL1041,Pilot,5.5
C1785,FL1402,Attendant,5.8
C1786,FL1480,Attendant,8.1
C1787,FL1417,Pilot,7.4
C1788,FL1335,Attendant,9.6
C1789,FL1235,Attendant,8.9
C1790,FL1359,Attendant,8.3
C1791,FL1438,Attendant,5.7
C1792,FL1401,Co-Pilot,8.1
C1793,FL1033,Attendant,7.9
C1794,FL1344,Attendant,8.4
C1795,FL1380,Pilot,7.1
C1796,FL1044,Co-Pilot,9.0
C1797,FL1133,Pilot,7.3
C1798,FL1020,Pilot,8.9
C1799,FL1121,Pilot,9.6
C1800,FL1069,Co-Pilot,6.9
C1801,FL1351,Pilot,6.5
C1802,FL1360,Pilot,9.0
C1803,FL1047,Pilot,5.4
C1804,FL1490,Attendant,10.2
C1805,FL1038,Pilot,8.0
C1806,FL1286,Co-Pilot,7.8
C1807,FL1489,Co-Pilot,9.1
C1808,FL1009,Attendant,9.0
C1809,FL1029,Co-Pilot,8.0
C1810,FL1243,Co-Pilot,9.8
C1811,FL1273,Attendant,6.7
C1812,FL1443,Pilot,9.4
C1813,FL1087,Attendant,5.8
C1814,FL1243,Pilot,9.0
C1815,FL1380,Pilot,7.3
C1816,FL1328,Co-Pilot,5.4
C1817,FL1478,Attendant,8.5
C1818,FL1014,Co-Pilot,7.9
C1819,FL1003,Co-Pilot,4.9
C1820,FL1190,Pilot,3.8
C1821,FL1167,Co-Pilot,7.7
C1822,FL1008,Attendant,11.2
C1823,FL1108,Co-Pilot,8.6
C1824,FL1136,Co-Pilot,6.7
C1825,FL1153,Pilot,10.2
C1826,FL1387,Attendant,9.8
C1827,FL1208,Co-Pilot,10.5
C1828,FL1271,Pilot,9.4
C1829,FL1142,Co-Pilot,9.8
C1830,FL1098,Attendant,9.5
C1831,FL1376,Co-Pilot,7.0
C1832,FL1307,Co-Pilot,4.7
C1833,FL1068,Pilot,7.0
C1834,FL1246,Co-Pilot,10.2
C1835,FL1260,Pilot,7.2
C1836,FL1275,Attendant,7.7
C1837,FL1078,Co-Pilot,5.7
C1838,FL1145,Attendant,6.9
C1839,FL1110,Attendant,8.0
C1840,FL1257,Co-Pilot,9.0
C1841,FL1092,Pilot,7.1
C1842,FL1012,Attendant,6.9
C1843,FL1259,Attendant,9.7
C1844,FL1425,Co-Pilot,8.7
C1845,FL1108,Co-Pilot,8.9
C1846,FL1329,Co-Pilot,11.1
C1847,FL1188,Co-Pilot,7.0
C1848,FL1094,Co-Pilot,7.9
C1849,FL1104,Co-Pilot,9.1
C1850,FL1007,Pilot,6.3
C1851,FL1066,Attendant,8.5
C1852,FL1495,Pilot,8.0
C1853,FL1190,Pilot,13.6
C1854,FL1365,Co-Pilot,8.2
C1855,FL1255,Attendant,10.3
C1856,FL1008,Pilot,9.7
C1857,FL1477,Co-Pilot,5.7
C1858,FL1116,Co-Pilot,4.9
C1859,FL1266,Attendant,8.5
C1860,FL1098,Pilot,10.5
C1861,FL1484,Pilot,8.6
C1862,FL1297,Pilot,8.2
C1863,FL1396,Co-Pilot,7.4
C1864,FL1163,Attendant,5.4
C1865,FL1375,Attendant,6.1
C1866,FL1140,Pilot,4.8
C1867,FL1267,Co-Pilot,5.8
C1868,FL1036,Pilot,6.9
C1869,FL1073,Attendant,9.6
C1870,FL1072,Co-Pilot,7.1
C1871,FL1307,Pilot,8.5
C1872,FL1198,Pilot,8.3
C1873,FL1129,Co-Pilot,9.0
C1874,FL1245,Attendant,5.9
C1875,FL1311,Co-Pilot,10.1
C1876,FL1059,Pilot,5.2
C1877,FL1278,Pilot,7.1
C1878,FL1102,Pilot,8.0
C1879,FL1295,Pilot,9.5
C1880,FL1319,Attendant,10.8
C1881,FL1486,Attendant,9.5
C1882,FL1340,Pilot,10.8
C1883,FL1150,Attendant,6.3
C1884,FL1156,Attendant,10.4
C1885,FL1205,Attendant,10.0
C1886,FL1473,Pilot,3.2
C1887,FL1178,Co-Pilot,7.6
C1888,FL1196,Co-Pilot,9.2
C1889,FL1222,Co-Pilot,7.0
C1890,FL1088,Pilot,5.8
C1891,FL1286,Attendant,12.2
C1892,FL1433,Attendant,8.2
C1893,FL1275,Pilot,8.3
C1894,FL1235,Pilot,5.4
C1895,FL1182,Co-Pilot,6.8
C1896,FL1208,Co-Pilot,6.2
C1897,FL1492,Pilot,10.2
C1898,FL1129,Co-Pilot,9.0
C1899,FL1152,Attendant,6.9
C1900,FL1012,Pilot,9.1
C1901,FL1121,Pilot,7.5
C1902,FL1358,Attendant,8.5
C1903,FL1219,Attendant,8.5
C1904,FL1105,Attendant,8.8
C1905,FL1374,Co-Pilot,8.6
C1906,FL1069,Pilot,8.8
C1907,FL1194,Co-Pilot,10.5
C1908,FL1185,Attendant,9.3
C1909,FL1098,Co-Pilot,7.3
C1910,FL1081,Attendant,7.8
C1911,FL1074,Co-Pilot,10.5
C1912,FL1373,Co-Pilot,8.2
C1913,FL1339,Attendant,7.3
C1914,FL1191,Co-Pilot,6.7
C1915,FL1324,Pilot,8.5
C1916,FL1466,Co-Pilot,6.3
C1917,FL1213,Co-Pilot,10.6
C1918,FL1314,Pilot,5.9
C1919,FL1443,Attendant,11.0
C1920,FL1466,Pilot,7.4
C1921,FL1381,Co-Pilot,5.8
C1922,FL1366,Attendant,8.4
C1923,FL1317,Co-Pilot,6.1
C1924,FL1143,Co-Pilot,8.1
C1925,FL1383,Pilot,6.8
C1926,FL1215,Pilot,9.9
C1927,FL1360,Attendant,8.3
C1928,FL1323,Attendant,5.6
C1929,FL1014,Attendant,6.8
C1930,FL1216,Co-Pilot,9.4
C1931,FL1491,Pilot,10.6
C1932,FL1438,Pilot,7.9
C1933,FL1034,Pilot,5.9
C1934,FL1182,Attendant,10.1
C1935,FL1269,Pilot,9.4
C1936,FL1432,Pilot,10.6
C1937,FL1466,Pilot,8.6
C1938,FL1357,Attendant,7.0
C1939,FL1099,Pilot,9.0
C1940,FL1006,Attendant,8.7
C1941,FL1029,Pilot,6.9
C1942,FL1466,Pilot,8.4
C1943,FL1304,Pilot,7.6
C1944,FL1472,Attendant,9.5
C1945,FL1143,Attendant,9.0
C1946,FL1110,Pilot,5.9
C1947,FL1231,Co-Pilot,5.7
C1948,FL1178,Attendant,7.8
C1949,FL1071,Attendant,8.1
C1950,FL1209,Pilot,9.5
C1951,FL1219,Co-Pilot,9.0
C1952,FL1079,Pilot,10.9
C1953,FL1499,Attendant,7.1
C1954,FL1082,Attendant,7.0
C1955,FL1041,Pilot,6.1
C1956,FL1272,Pilot,9.5
C1957,FL1190,Co-Pilot,8.0
C1958,FL1172,Co-Pilot,4.3
C1959,FL1460,Attendant,8.4
C1960,FL1006,Co-Pilot,8.5
C1961,FL1154,Co-Pilot,7.7
C1962,FL1009,Attendant,8.6
C1963,FL1033,Attendant,5.6
C1964,FL1035,Attendant,11.3
C1965,FL1408,Attendant,8.8
C1966,FL1005,Pilot,4.5
C1967,FL1407,Attendant,8.0
C1968,FL1401,Attendant,8.8
C1969,FL1214,Attendant,5.8
C1970,FL1133,Co-Pilot,9.1
C1971,FL1284,Attendant,11.4
C1972,FL1125,Pilot,6.7
C1973,FL1408,Pilot,8.9
C1974,FL1438,Attendant,8.4
C1975,FL1336,Pilot,9.9
C1976,FL1173,Co-Pilot,7.8
C1977,FL1151,Attendant,5.9
C1978,FL1330,Pilot,9.8
C1979,FL1025,Pilot,6.0
C1980,FL1382,Attendant,11.6
C1981,FL1114,Pilot,9.1
C1982,FL1381,Attendant,6.8
C1983,FL1481,Pilot,10.2
C1984,FL1283,Co-Pilot,8.0
C1985,FL1386,Pilot,7.6
C1986,FL1074,Pilot,6.6
C1987,FL1165,Attendant,4.2
C1988,FL1188,Pilot,9.2
C1989,FL1077,Attendant,4.7
C1990,FL1434,Co-Pilot,6.4
C1991,FL1089,Attendant,8.9
C1992,FL1175,Attendant,7.0
C1993,FL1020,Pilot,8.3
C1994,FL1053,Co-Pilot,5.6
C1995,FL1183,Attendant,7.3
C1996,FL1358,Pilot,8.3
C1997,FL1221,Pilot,6.1
C1998,FL1314,Attendant,11.4
C1999,FL1327,Pilot,6.7
C2000,FL1178,Attendant,10.8
C2001,FL1275,Attendant,7.7
C2002,FL1111,Attendant,4.9
C2003,FL1223,Co-Pilot,5.7
C2004,FL1213,Attendant,8.4
C2005,FL1058,Pilot,10.1
C2006,FL1326,Co-Pilot,11.5
C2007,FL1392,Pilot,8.3
C2008,FL1108,Co-Pilot,5.6
C2009,FL1384,Co-Pilot,8.6
C2010,FL1156,Co-Pilot,6.3
C2011,FL1190,Co-Pilot,8.8
C2012,FL1199,Pilot,6.1
C2013,FL1311,Attendant,3.8
C2014,FL1195,Pilot,10.6
C2015,FL1034,Attendant,7.5
C2016,FL1378,Pilot,8.1
C2017,FL1386,Co-Pilot,10.0
C2018,FL1245,Co-Pilot,11.8
C2019,FL1236,Attendant,9.4
C2020,FL1103,Attendant,8.2
C2021,FL1006,Pilot,8.9
C2022,FL1282,Attendant,7.4
C2023,FL1000,Pilot,8.1
C2024,FL1218,Attendant,8.3
C2025,FL1463,Attendant,6.4
C2026,FL1229,Attendant,8.0
C2027,FL1454,Co-Pilot,8.7
C2028,FL1171,Co-Pilot,9.0
C2029,FL1086,Pilot,8.9
C2030,FL1040,Attendant,5.3
C2031,FL1122,Pilot,10.5
C2032,FL1330,Attendant,10.3
C2033,FL1297,Co-Pilot,7.8
C2034,FL1372,Co-Pilot,8.9
C2035,FL1416,Attendant,7.6
C2036,FL1177,Attendant,9.5
C2037,FL1062,Co-Pilot,6.4
C2038,FL1483,Co-Pilot,10.7
C2039,FL1164,Pilot,9.4
C2040,FL1488,Co-Pilot,9.5
C2041,FL1186,Attendant,7.8
C2042,FL1382,Pilot,5.2
C2043,FL1208,Attendant,9.8
C2044,FL1226,Pilot,5.2
C2045,FL1431,Attendant,9.8
C2046,FL1388,Co-Pilot,6.5
C2047,FL1047,Attendant,4.8
C2048,FL1223,Pilot,8.0
C2049,FL1002,Attendant,10.4
C2050,FL1371,Pilot,6.1
C2051,FL1174,Attendant,11.2
C2052,FL1445,Co-Pilot,9.3
C2053,FL1098,Co-Pilot,8.3
C2054,FL1115,Attendant,7.1
C2055,FL1269,Attendant,7.3
C2056,FL1446,Attendant,8.9
C2057,FL1367,Pilot,9.7
C2058,FL1252,Attendant,6.8
C2059,FL1316,Attendant,6.4
C2060,FL1414,Pilot,7.6
C2061,FL1094,Co-Pilot,10.8
C2062,FL1272,Attendant,5.6
C2063,FL1379,Attendant,10.3
C2064,FL1023,Co-Pilot,8.1
C2065,FL1115,Co-Pilot,4.7
C2066,FL1150,Pilot,7.1
C2067,FL1337,Attendant,9.2
C2068,FL1049,Attendant,11.6
C2069,FL1205,Pilot,5.3
C2070,FL1497,Co-Pilot,2.4
C2071,FL1334,Pilot,5.4
C2072,FL1078,Co-Pilot,10.3
C2073,FL1069,Pilot,4.4
C2074,FL1026,Co-Pilot,11.0
C2075,FL1270,Pilot,10.4
C2076,FL1049,Co-Pilot,8.4
C2077,FL1291,Co-Pilot,6.7
C2078,FL1246,Co-Pilot,8.1
C2079,FL1263,Co-Pilot,9.2
C2080,FL1078,Co-Pilot,8.9
C2081,FL1386,Attendant,11.5
C2082,FL1189,Co-Pilot,7.5
C2083,FL1046,Attendant,5.4
C2084,FL1460,Co-Pilot,5.0
C2085,FL1360,Attendant,4.6
C2086,FL1353,Attendant,8.4
C2087,FL1471,Pilot,7.5
C2088,FL1487,Co-Pilot,8.1
C2089,FL1351,Pilot,6.9
C2090,FL1188,Pilot,5.8
C2091,FL1415,Co-Pilot,9.2
C2092,FL1255,Pilot,3.1
C2093,FL1221,Co-Pilot,6.4
C2094,FL1371,Pilot,9.6
C2095,FL1240,Co-Pilot,6.2
C2096,FL1268,Co-Pilot,8.8
C2097,FL1000,Co-Pilot,6.4
C2098,FL1033,Attendant,7.1
C2099,FL1445,Pilot,9.1
C2100,FL1078,Attendant,5.4
C2101,FL1235,Pilot,9.5
C2102,FL1333,Pilot,8.1
C2103,FL1376,Pilot,10.5
C2104,FL1348,Attendant,8.4
C2105,FL1097,Pilot,5.9
C2106,FL1081,Attendant,11.5
C2107,FL1454,Co-Pilot,6.0
C2108,FL1476,Pilot,7.5
C2109,FL1414,Pilot,9.9
C2110,FL1191,Co-Pilot,4.2
C2111,FL1252,Co-Pilot,10.9
C2112,FL1408,Pilot,5.7
C2113,FL1037,Co-Pilot,7.1
C2114,FL1013,Attendant,8.6
C2115,FL1391,Attendant,7.9
C2116,FL1346,Pilot,9.6
C2117,FL1309,Attendant,4.8
C2118,FL1385,Attendant,9.5
C2119,FL1208,Pilot,9.6
C2120,FL1356,Co-Pilot,10.1
C2121,FL1461,Pilot,4.8
C2122,FL1088,Attendant,5.1
C2123,FL1055,Pilot,7.3
C2124,FL1093,Pilot,5.3
C2125,FL1092,Attendant,4.4
C2126,FL1339,Attendant,7.2
C2127,FL1084,Pilot,8.5
C2128,FL1444,Attendant,13.6
C2129,FL1244,Attendant,9.1
C2130,FL1021,Attendant,11.5
C2131,FL1290,Attendant,7.9
C2132,FL1484,Attendant,9.1
C2133,FL1271,Attendant,7.7
C2134,FL1305,Co-Pilot,13.4
C2135,FL1121,Pilot,6.6
C2136,FL1127,Attendant,6.9
C2137,FL1112,Pilot,9.6
C2138,FL1426,Co-Pilot,8.4
C2139,FL1272,Attendant,7.2
C2140,FL1335,Pilot,9.9
C2141,FL1441,Attendant,7.9
C2142,FL1129,Attendant,7.9
C2143,FL1131,Attendant,8.5
C2144,FL1084,Attendant,4.5
C2145,FL1422,Attendant,4.8
C2146,FL1481,Attendant,10.2
C2147,FL1349,Attendant,6.6
C2148,FL1389,Co-Pilot,7.7
C2149,FL1080,Co-Pilot,11.2
C2150,FL1486,Attendant,7.8
C2151,FL1472,Attendant,7.6
C2152,FL1324,Co-Pilot,9.8
C2153,FL1068,Co-Pilot,6.8
C2154,FL1147,Co-Pilot,10.4
C2155,FL1447,Attendant,9.8
C2156,FL1015,Pilot,11.7
C2157,FL1306,Pilot,6.6
C2158,FL1104,Pilot,10.7
C2159,FL1164,Pilot,9.1
C2160,FL1487,Attendant,5.3
C2161,FL1200,Pilot,2.8
C2162,FL1196,Co-Pilot,6.4
C2163,FL1425,Co-Pilot,8.6
C2164,FL1184,Pilot,8.9
C2165,FL1321,Co-Pilot,7.9
C2166,FL1264,Attendant,7.9
C2167,FL1362,Pilot,7.7
C2168,FL1099,Pilot,10.1
C2169,FL1341,Attendant,5.1
C2170,FL1319,Co-Pilot,8.5
C2171,FL1213,Attendant,6.4
C2172,FL1277,Attendant,6.2
C2173,FL1161,Co-Pilot,10.4
C2174,FL1438,Attendant,6.0
C2175,FL1156,Co-Pilot,7.7
C2176,FL1421,Co-Pilot,11.9
C2177,FL1250,Attendant,9.7
C2178,FL1365,Co-Pilot,7.1
C2179,FL1096,Attendant,7.3
C2180,FL1017,Co-Pilot,5.5
C2181,FL1326,Pilot,10.6
C2182,FL1448,Co-Pilot,10.0
C2183,FL1382,Co-Pilot,9.4
C2184,FL1096,Attendant,9.6
C2185,FL1000,Co-Pilot,6.5
C2186,FL1215,Pilot,4.9
C2187,FL1131,Pilot,9.1
C2188,FL1259,Co-Pilot,9.8
C2189,FL1124,Co-Pilot,11.2
C2190,FL1081,Pilot,7.6
C2191,FL1282,Attendant,7.3
C2192,FL1170,Pilot,7.5
C2193,FL1058,Pilot,9.3
C2194,FL1031,Co-Pilot,7.4
C2195,FL1160,Co-Pilot,7.9
C2196,FL1283,Pilot,9.7
C2197,FL1105,Attendant,6.7
C2198,FL1104,Pilot,10.8
C2199,FL1438,Pilot,9.3
C2200,FL1227,Attendant,4.3
C2201,FL1187,Pilot,7.0
C2202,FL1069,Pilot,4.0
C2203,FL1317,Co-Pilot,7.6
C2204,FL1463,Attendant,7.0
C2205,FL1289,Co-Pilot,9.7
C2206,FL1086,Co-Pilot,6.2
C2207,FL1369,Attendant,8.8
C2208,FL1361,Attendant,9.1
C2209,FL1471,Pilot,8.5
C2210,FL1055,Co-Pilot,10.3
C2211,FL1112,Attendant,12.1
C2212,FL1012,Co-Pilot,8.2
C2213,FL1439,Co-Pilot,8.8
C2214,FL1017,Attendant,6.2
C2215,FL1181,Pilot,6.0
C2216,FL1460,Co-Pilot,10.1
C2217,FL1112,Attendant,9.8
C2218,FL1228,Pilot,5.9
C2219,FL1170,Co-Pilot,5.4
C2220,FL1294,Attendant,6.7
C2221,FL1188,Co-Pilot,7.7
C2222,FL1425,Attendant,7.2
C2223,FL1464,Attendant,8.3
C2224,FL1078,Co-Pilot,9.8
C2225,FL1145,Co-Pilot,8.9
C2226,FL1406,Attendant,9.1
C2227,FL1181,Pilot,3.1
C2228,FL1498,Co-Pilot,4.8
C2229,FL1285,Attendant,6.4
C2230,FL1249,Attendant,6.7
C2231,FL1353,Pilot,9.7
C2232,FL1313,Pilot,6.2
C2233,FL1195,Pilot,9.3
C2234,FL1322,Co-Pilot,6.4
C2235,FL1070,Attendant,5.6
C2236,FL1247,Attendant,5.7
C2237,FL1145,Attendant,12.5
C2238,FL1105,Pilot,6.4
C2239,FL1262,Attendant,9.4
C2240,FL1295,Co-Pilot,4.9
C2241,FL1069,Pilot,10.8
C2242,FL1469,Pilot,8.7
C2243,FL1192,Pilot,8.5
C2244,FL1067,Pilot,8.8
C2245,FL1493,Co-Pilot,9.0
C2246,FL1304,Attendant,9.6
C2247,FL1051,Co-Pilot,6.8
C2248,FL1369,Attendant,6.7
C2249,FL1362,Co-Pilot,8.1
C2250,FL1284,Pilot,9.4
C2251,FL1404,Pilot,7.9
C2252,FL1473,Co-Pilot,9.5
C2253,FL1333,Co-Pilot,9.2
C2254,FL1008,Attendant,7.6
C2255,FL1250,Co-Pilot,4.5
C2256,FL1430,Co-Pilot,7.0
C2257,FL1331,Attendant,11.5
C2258,FL1297,Attendant,8.7
C2259,FL1434,Attendant,6.7
C2260,FL1183,Co-Pilot,8.5
C2261,FL1178,Attendant,9.4
C2262,FL1197,Pilot,6.7
C2263,FL1127,Pilot,10.5
C2264,FL1019,Pilot,9.0
C2265,FL1471,Co-Pilot,5.8
C2266,FL1410,Pilot,9.7
C2267,FL1421,Co-Pilot,7.2
C2268,FL1327,Co-Pilot,7.6
C2269,FL1064,Pilot,6.0
C2270,FL1181,Attendant,9.3
C2271,FL1240,Co-Pilot,7.7
C2272,FL1368,Pilot,9.3
C2273,FL1023,Co-Pilot,6.9
C2274,FL1383,Attendant,6.7
C2275,FL1430,Attendant,6.5
C2276,FL1454,Pilot,8.8
C2277,FL1082,Co-Pilot,6.6
C2278,FL1469,Co-Pilot,7.6
C2279,FL1318,Co-Pilot,7.0
C2280,FL1184,Co-Pilot,8.9
C2281,FL1438,Pilot,4.5
C2282,FL1315,Attendant,8.5
C2283,FL1098,Pilot,11.5
C2284,FL1061,Co-Pilot,10.5
C2285,FL1285,Co-Pilot,6.8
C2286,FL1476,Attendant,9.0
C2287,FL1021,Co-Pilot,8.6
C2288,FL1458,Pilot,10.9
C2289,FL1211,Pilot,3.0
C2290,FL1125,Attendant,10.2
C2291,FL1412,Pilot,7.5
C2292,FL1498,Pilot,6.5
C2293,FL1424,Pilot,6.5
C2294,FL1041,Pilot,5.4
C2295,FL1097,Co-Pilot,6.8
C2296,FL1448,Pilot,5.8
C2297,FL1030,Attendant,8.4
C2298,FL1157,Attendant,9.2
C2299,FL1111,Pilot,7.5
C2300,FL1401,Attendant,11.0
C2301,FL1246,Pilot,6.9
C2302,FL1121,Attendant,7.4
C2303,FL1272,Attendant,7.1
C2304,FL1293,Pilot,9.2
C2305,FL1397,Pilot,9.4
C2306,FL1470,Co-Pilot,9.0
C2307,FL1472,Pilot,7.8
C2308,FL1206,Pilot,5.3
C2309,FL1109,Co-Pilot,7.4
C2310,FL1439,Pilot,11.0
C2311,FL1277,Pilot,10.0
C2312,FL1450,Co-Pilot,8.6
C2313,FL1055,Pilot,7.2
C2314,FL1374,Pilot,8.0
C2315,FL1402,Co-Pilot,7.2
C2316,FL1056,Co-Pilot,10.4
C2317,FL1427,Attendant,6.3
C2318,FL1481,Pilot,9.8
C2319,FL1290,Attendant,6.9
C2320,FL1113,Attendant,10.6
C2321,FL1380,Co-Pilot,8.9
C2322,FL1384,Pilot,6.5
C2323,FL1307,Pilot,7.4
C2324,FL1340,Co-Pilot,9.4
C2325,FL1476,Attendant,7.0
C2326,FL1197,Co-Pilot,8.0
C2327,FL1420,Pilot,7.0
C2328,FL1320,Co-Pilot,11.5
C2329,FL1178,Pilot,11.9
C2330,FL1384,Attendant,10.9
C2331,FL1218,Pilot,7.8
C2332,FL1276,Attendant,7.2
C2333,FL1436,Attendant,6.4
C2334,FL1015,Pilot,11.1
C2335,FL1491,Pilot,9.9
C2336,FL1378,Attendant,10.0
C2337,FL1060,Co-Pilot,7.5
C2338,FL1053,Pilot,4.5
C2339,FL1167,Attendant,4.9
C2340,FL1025,Attendant,8.1
C2341,FL1335,Co-Pilot,7.0
C2342,FL1475,Pilot,6.7
C2343,FL1064,Attendant,8.7
C2344,FL1099,Co-Pilot,10.0
C2345,FL1073,Attendant,6.6
C2346,FL1191,Pilot,5.4
C2347,FL1170,Co-Pilot,6.6
C2348,FL1272,Attendant,5.9
C2349,FL1376,Co-Pilot,9.2
C2350,FL1186,Pilot,8.0
C2351,FL1022,Co-Pilot,11.8
C2352,FL1390,Pilot,9.5
C2353,FL1427,Attendant,11.6
C2354,FL1180,Pilot,5.2
C2355,FL1326,Attendant,1.5
C2356,FL1107,Attendant,8.5
C2357,FL1334,Pilot,8.2
C2358,FL1161,Attendant,7.8
C2359,FL1301,Co-Pilot,8.2
C2360,FL1492,Attendant,5.8
C2361,FL1451,Pilot,9.1
C2362,FL1205,Co-Pilot,9.5
C2363,FL1077,Co-Pilot,5.6
C2364,FL1015,Attendant,7.3
C2365,FL1326,Attendant,7.4
C2366,FL1095,Pilot,6.7
C2367,FL1146,Co-Pilot,5.7
C2368,FL1001,Pilot,8.0
C2369,FL1009,Attendant,8.5
C2370,FL1433,Co-Pilot,6.8
C2371,FL1124,Pilot,5.8
C2372,FL1080,Pilot,8.8
C2373,FL1484,Pilot,6.5
C2374,FL1139,Pilot,7.4
C2375,FL1325,Pilot,7.1
C2376,FL1149,Co-Pilot,10.5
C2377,FL1287,Pilot,6.6
C2378,FL1360,Co-Pilot,11.5
C2379,FL1339,Pilot,9.5
C2380,FL1128,Attendant,11.6
C2381,FL1437,Attendant,9.3
C2382,FL1238,Pilot,7.6
C2383,FL1057,Attendant,6.2
C2384,FL1197,Co-Pilot,7.3
C2385,FL1210,Pilot,11.0
C2386,FL1401,Co-Pilot,7.9
C2387,FL1389,Pilot,9.3
C2388,FL1044,Attendant,8.4
C2389,FL1096,Co-Pilot,8.5
C2390,FL1278,Attendant,8.6
C2391,FL1022,Attendant,9.0
C2392,FL1409,Pilot,6.4
C2393,FL1460,Co-Pilot,7.5
C2394,FL1390,Attendant,8.6
C2395,FL1334,Pilot,8.3
C2396,FL1043,Pilot,7.1
C2397,FL1026,Pilot,8.8
C2398,FL1281,Attendant,6.5
C2399,FL1096,Pilot,5.6
C2400,FL1462,Co-Pilot,8.6
C2401,FL1035,Co-Pilot,5.6
C2402,FL1108,Attendant,8.6
C2403,FL1054,Co-Pilot,4.1
C2404,FL1191,Pilot,6.6
C2405,FL1218,Attendant,7.3
C2406,FL1184,Pilot,4.8
C2407,FL1068,Attendant,7.3
C2408,FL1316,Attendant,10.4
C2409,FL1129,Pilot,5.5
C2410,FL1054,Co-Pilot,7.3
C2411,FL1377,Co-Pilot,11.4
C2412,FL1096,Attendant,5.9
C2413,FL1335,Pilot,10.8
C2414,FL1086,Pilot,7.4
C2415,FL1293,Attendant,8.2
C2416,FL1118,Co-Pilot,10.6
C2417,FL1207,Pilot,7.0
C2418,FL1333,Co-Pilot,9.3
C2419,FL1412,Co-Pilot,9.8
C2420,FL1153,Attendant,6.7
C2421,FL1034,Attendant,6.5
C2422,FL1078,Co-Pilot,7.5
C2423,FL1066,Pilot,7.6
C2424,FL1342,Pilot,5.8
C2425,FL1412,Attendant,6.7
C2426,FL1033,Co-Pilot,1.1
C2427,FL1096,Pilot,7.3
C2428,FL1168,Pilot,9.8
C2429,FL1168,Attendant,4.7
C2430,FL1150,Co-Pilot,7.1
C2431,FL1070,Pilot,12.9
C2432,FL1002,Attendant,8.0
C2433,FL1313,Pilot,10.7
C2434,FL1031,Pilot,6.0
C2435,FL1286,Pilot,8.9
C2436,FL1081,Attendant,5.6
C2437,FL1042,Co-Pilot,8.8
C2438,FL1390,Attendant,9.7
C2439,FL1104,Co-Pilot,9.2
C2440,FL1000,Pilot,7.3
C2441,FL1060,Co-Pilot,8.5
C2442,FL1269,Pilot,8.6
C2443,FL1179,Pilot,9.3
C2444,FL1223,Attendant,7.8
C2445,FL1005,Pilot,9.9
C2446,FL1102,Attendant,10.9
C2447,FL1009,Co-Pilot,7.4
C2448,FL1070,Co-Pilot,8.1
C2449,FL1089,Pilot,6.2
C2450,FL1225,Attendant,8.7
C2451,FL1157,Pilot,8.7
C2452,FL1227,Attendant,8.1
C2453,FL1404,Attendant,8.3
C2454,FL1125,Attendant,11.8
C2455,FL1443,Co-Pilot,2.2
C2456,FL1208,Attendant,7.0
C2457,FL1096,Co-Pilot,7.3
C2458,FL1073,Attendant,10.9
C2459,FL1114,Co-Pilot,9.0
C2460,FL1190,Co-Pilot,9.0
C2461,FL1494,Co-Pilot,10.5
C2462,FL1169,Pilot,7.6
C2463,FL1306,Attendant,9.3
C2464,FL1447,Pilot,6.9
C2465,FL1203,Attendant,5.9
C2466,FL1055,Attendant,11.6
C2467,FL1207,Pilot,8.7
C2468,FL1040,Co-Pilot,9.3
C2469,FL1031,Attendant,5.8
C2470,FL1014,Co-Pilot,9.0
C2471,FL1061,Pilot,11.6
C2472,FL1154,Co-Pilot,7.4
C2473,FL1283,Attendant,5.5
C2474,FL1208,Attendant,8.4
C2475,FL1319,Attendant,5.9
C2476,FL1493,Pilot,4.9
C2477,FL1186,Attendant,6.5
C2478,FL1497,Pilot,7.0
C2479,FL1441,Co-Pilot,6.0
C2480,FL1129,Attendant,10.7
C2481,FL1126,Attendant,11.8
C2482,FL1291,Attendant,9.2
C2483,FL1113,Co-Pilot,8.8
C2484,FL1198,Attendant,7.7
C2485,FL1012,Pilot,6.2
C2486,FL1270,Co-Pilot,11.2
C2487,FL1088,Co-Pilot,7.9
C2488,FL1214,Co-Pilot,7.1
C2489,FL1443,Co-Pilot,10.0
C2490,FL1277,Co-Pilot,7.9
C2491,FL1446,Pilot,10.0
C2492,FL1473,Co-Pilot,7.2
C2493,FL1480,Attendant,10.0
C2494,FL1202,Co-Pilot,10.0
C2495,FL1073,Co-Pilot,10.6
C2496,FL1024,Co-Pilot,6.6
C2497,FL1100,Co-Pilot,7.8
C2498,FL1175,Co-Pilot,11.9
C2499,FL1426,Pilot,7.5
C2500,FL1116,Pilot,9.6
C2501,FL1165,Co-Pilot,12.6
C2502,FL1040,Pilot,4.3
C2503,FL1428,Attendant,7.4
C2504,FL1343,Co-Pilot,8.0
C2505,FL1423,Attendant,4.4
C2506,FL1365,Attendant,7.1
C2507,FL1119,Co-Pilot,6.1
C2508,FL1096,Attendant,9.7
C2509,FL1144,Attendant,4.5
C2510,FL1215,Attendant,11.8
C2511,FL1228,Co-Pilot,9.4
C2512,FL1312,Co-Pilot,5.9
C2513,FL1129,Attendant,10.1
C2514,FL1351,Co-Pilot,9.2
C2515,FL1376,Co-Pilot,7.9
C2516,FL1317,Attendant,6.6
C2517,FL1471,Co-Pilot,9.1
C2518,FL1136,Pilot,8.2
C2519,FL1323,Co-Pilot,6.6
C2520,FL1336,Pilot,5.3
C2521,FL1272,Attendant,6.3
C2522,FL1116,Co-Pilot,7.0
C2523,FL1305,Attendant,10.3
C2524,FL1367,Attendant,9.7
C2525,FL1093,Attendant,7.1
C2526,FL1167,Attendant,7.2
C2527,FL1441,Attendant,10.0
C2528,FL1202,Co-Pilot,8.5
C2529,FL1340,Pilot,8.5
C2530,FL1148,Co-Pilot,6.6
C2531,FL1401,Co-Pilot,7.8
C2532,FL1182,Co-Pilot,8.0
C2533,FL1412,Co-Pilot,7.8
C2534,FL1151,Pilot,9.5
C2535,FL1073,Co-Pilot,9.5
C2536,FL1364,Attendant,6.2
C2537,FL1400,Co-Pilot,7.0
C2538,FL1273,Co-Pilot,6.6
C2539,FL1041,Pilot,10.8
C2540,FL1495,Pilot,12.5
C2541,FL1211,Attendant,7.1
C2542,FL1100,Co-Pilot,7.7
C2543,FL1044,Co-Pilot,9.7
C2544,FL1081,Co-Pilot,6.6
C2545,FL1016,Attendant,9.7
C2546,FL1072,Pilot,8.0
C2547,FL1013,Attendant,4.5
C2548,FL1432,Co-Pilot,5.4
C2549,FL1156,Pilot,7.3
C2550,FL1222,Pilot,10.4
C2551,FL1131,Attendant,6.2
C2552,FL1337,Pilot,6.9
C2553,FL1403,Pilot,8.4
C2554,FL1375,Co-Pilot,4.7
C2555,FL1375,Co-Pilot,8.6
C2556,FL1046,Pilot,4.9
C2557,FL1106,Pilot,9.1
C2558,FL1107,Attendant,6.4
C2559,FL1264,Attendant,6.1
C2560,FL1204,Pilot,8.5
C2561,FL1078,Co-Pilot,9.6
C2562,FL1154,Pilot,8.8
C2563,FL1270,Pilot,8.4
C2564,FL1475,Co-Pilot,8.4
C2565,FL1484,Co-Pilot,8.8
C2566,FL1246,Attendant,8.9
C2567,FL1018,Attendant,7.2
C2568,FL1345,Attendant,9.3
C2569,FL1435,Attendant,6.4
C2570,FL1025,Co-Pilot,10.2
C2571,FL1216,Pilot,9.6
C2572,FL1153,Attendant,12.4
C2573,FL1153,Attendant,9.0
C2574,FL1173,Co-Pilot,9.8
C2575,FL1091,Co-Pilot,4.9
C2576,FL1432,Pilot,9.9
C2577,FL1337,Pilot,10.4
C2578,FL1479,Co-Pilot,11.0
C2579,FL1180,Attendant,8.2
C2580,FL1130,Attendant,7.3
C2581,FL1449,Attendant,5.8
C2582,FL1480,Pilot,6.0
C2583,FL1297,Attendant,7.9
C2584,FL1274,Attendant,4.5
C2585,FL1272,Co-Pilot,6.5
C2586,FL1491,Attendant,8.2
C2587,FL1416,Co-Pilot,8.1
C2588,FL1075,Attendant,6.1
C2589,FL1176,Pilot,5.5
C2590,FL1183,Attendant,5.8
C2591,FL1318,Attendant,7.6
C2592,FL1130,Co-Pilot,12.3
C2593,FL1362,Co-Pilot,10.1
C2594,FL1048,Co-Pilot,8.4
C2595,FL1054,Attendant,9.1
C2596,FL1153,Attendant,10.0
C2597,FL1354,Pilot,9.4
C2598,FL1199,Attendant,7.4
C2599,FL1307,Pilot,6.3
C2600,FL1355,Co-Pilot,7.7
C2601,FL1372,Co-Pilot,10.0
C2602,FL1117,Co-Pilot,7.5
C2603,FL1262,Pilot,5.8
C2604,FL1045,Attendant,4.6
C2605,FL1301,Co-Pilot,7.8
C2606,FL1355,Attendant,5.9
C2607,FL1399,Attendant,7.1
C2608,FL1407,Co-Pilot,10.9
C2609,FL1188,Pilot,7.9
C2610,FL1309,Attendant,6.5
C2611,FL1317,Co-Pilot,8.6
C2612,FL1128,Attendant,11.8
C2613,FL1048,Attendant,7.8
C2614,FL1024,Attendant,3.3
C2615,FL1265,Attendant,9.3
C2616,FL1117,Attendant,8.7
C2617,FL1463,Pilot,8.2
C2618,FL1143,Pilot,7.6
C2619,FL1441,Co-Pilot,6.4
C2620,FL1199,Pilot,11.0
C2621,FL1156,Pilot,4.3
C2622,FL1486,Pilot,7.4
C2623,FL1347,Attendant,7.3
C2624,FL1133,Attendant,9.7
C2625,FL1399,Co-Pilot,10.5
C2626,FL1147,Co-Pilot,7.5
C2627,FL1335,Co-Pilot,8.4
C2628,FL1070,Attendant,8.6
C2629,FL1232,Pilot,10.1
C2630,FL1333,Pilot,10.1
C2631,FL1298,Attendant,6.9
C2632,FL1153,Co-Pilot,8.9
C2633,FL1089,Co-Pilot,8.8
C2634,FL1333,Co-Pilot,7.8
C2635,FL1198,Attendant,8.7
C2636,FL1160,Co-Pilot,8.0
C2637,FL1025,Co-Pilot,8.3
C2638,FL1120,Attendant,5.3
C2639,FL1300,Pilot,6.2
C2640,FL1211,Attendant,9.6
C2641,FL1062,Attendant,5.6
C2642,FL1450,Attendant,8.9
C2643,FL1435,Attendant,7.8
C2644,FL1067,Pilot,10.1
C2645,FL1252,Co-Pilot,9.3
C2646,FL1409,Attendant,7.1
C2647,FL1458,Pilot,7.6
C2648,FL1001,Co-Pilot,4.0
C2649,FL1397,Co-Pilot,7.7
C2650,FL1107,Co-Pilot,5.5
C2651,FL1285,Attendant,7.6
C2652,FL1048,Attendant,6.7
C2653,FL1139,Co-Pilot,6.2
C2654,FL1217,Co-Pilot,10.4
C2655,FL1043,Co-Pilot,5.4
C2656,FL1416,Co-Pilot,6.1
C2657,FL1268,Co-Pilot,6.6
C2658,FL1077,Co-Pilot,7.0
C2659,FL1215,Pilot,6.2
C2660,FL1381,Co-Pilot,7.3
C2661,FL1097,Attendant,8.6
C2662,FL1235,Attendant,9.3
C2663,FL1281,Attendant,9.2
C2664,FL1148,Co-Pilot,4.2
C2665,FL1411,Attendant,8.8
C2666,FL1303,Pilot,8.9
C2667,FL1483,Co-Pilot,6.7
C2668,FL1423,Attendant,11.3
C2669,FL1065,Pilot,10.2
C2670,FL1233,Pilot,7.6
C2671,FL1456,Attendant,6.8
C2672,FL1086,Pilot,11.3
C2673,FL1078,Attendant,8.0
C2674,FL1204,Pilot,8.2
C2675,FL1278,Co-Pilot,8.1
C2676,FL1336,Co-Pilot,12.6
C2677,FL1253,Co-Pilot,7.6
C2678,FL1303,Co-Pilot,8.0
C2679,FL1379,Co-Pilot,6.3
C2680,FL1129,Attendant,7.2
C2681,FL1083,Co-Pilot,5.9
C2682,FL1275,Co-Pilot,6.4
C2683,FL1186,Co-Pilot,4.4
C2684,FL1045,Co-Pilot,9.8
C2685,FL1386,Pilot,8.3
C2686,FL1182,Co-Pilot,8.5
C2687,FL1267,Co-Pilot,7.9
C2688,FL1295,Attendant,8.1
C2689,FL1321,Pilot,11.2
C2690,FL1099,Attendant,6.5
C2691,FL1077,Co-Pilot,8.6
C2692,FL1271,Attendant,8.5
C2693,FL1338,Attendant,10.3
C2694,FL1161,Co-Pilot,8.9
C2695,FL1043,Pilot,9.0
C2696,FL1237,Pilot,5.5
C2697,FL1133,Attendant,6.4
C2698,FL1460,Co-Pilot,5.7
C2699,FL1191,Attendant,3.0
C2700,FL1355,Attendant,8.8
C2701,FL1277,Attendant,7.5
C2702,FL1017,Co-Pilot,8.8
C2703,FL1011,Co-Pilot,8.1
C2704,FL1179,Pilot,8.5
C2705,FL1122,Co-Pilot,10.7
C2706,FL1245,Attendant,8.0
C2707,FL1221,Attendant,9.3
C2708,FL1372,Pilot,7.4
C2709,FL1050,Co-Pilot,9.6
C2710,FL1487,Attendant,5.5
C2711,FL1070,Pilot,4.3
C2712,FL1479,Pilot,12.2
C2713,FL1047,Attendant,11.7
C2714,FL1018,Attendant,4.1
C2715,FL1261,Co-Pilot,7.9
C2716,FL1083,Pilot,8.3
C2717,FL1154,Attendant,9.4
C2718,FL1052,Pilot,11.5
C2719,FL1106,Co-Pilot,5.9
C2720,FL1356,Attendant,6.0
C2721,FL1303,Co-Pilot,8.0
C2722,FL1134,Pilot,6.1
C2723,FL1442,Co-Pilot,2.6
C2724,FL1068,Co-Pilot,7.5
C2725,FL1010,Pilot,9.7
C2726,FL1142,Co-Pilot,8.0
C2727,FL1191,Pilot,9.2
C2728,FL1386,Attendant,9.0
C2729,FL1377,Pilot,5.9
C2730,FL1068,Pilot,8.1
C2731,FL1022,Attendant,4.9
C2732,FL1180,Pilot,7.0
C2733,FL1292,Attendant,8.1
C2734,FL1008,Attendant,8.0
C2735,FL1270,Pilot,5.4
C2736,FL1386,Co-Pilot,5.8
C2737,FL1092,Co-Pilot,8.6
C2738,FL1453,Attendant,9.7
C2739,FL1016,Co-Pilot,7.6
C2740,FL1153,Co-Pilot,7.5
C2741,FL1404,Pilot,9.9
C2742,FL1327,Attendant,6.5
C2743,FL1148,Attendant,11.5
C2744,FL1376,Pilot,5.3
C2745,FL1266,Co-Pilot,10.1
C2746,FL1421,Attendant,9.1
C2747,FL1327,Co-Pilot,12.8
C2748,FL1105,Attendant,5.8
C2749,FL1471,Attendant,3.3
C2750,FL1380,Attendant,10.5
C2751,FL1034,Attendant,5.1
C2752,FL1118,Co-Pilot,9.2
C2753,FL1013,Co-Pilot,10.4
C2754,FL1013,Co-Pilot,8.8
C2755,FL1265,Co-Pilot,8.5
C2756,FL1139,Pilot,8.8
C2757,FL1293,Attendant,9.7
C2758,FL1363,Attendant,9.2
C2759,FL1118,Attendant,5.6
C2760,FL1237,Pilot,11.6
C2761,FL1033,Co-Pilot,8.1
C2762,FL1168,Attendant,9.0
C2763,FL1009,Co-Pilot,9.4
C2764,FL1121,Co-Pilot,10.3
C2765,FL1400,Pilot,10.1
C2766,FL1144,Pilot,8.3
C2767,FL1450,Co-Pilot,8.1
C2768,FL1445,Attendant,8.8
C2769,FL1222,Attendant,10.2
C2770,FL1370,Pilot,5.8
C2771,FL1256,Pilot,9.3
C2772,FL1267,Pilot,6.2
C2773,FL1358,Pilot,11.7
C2774,FL1003,Pilot,8.7
C2775,FL1425,Pilot,7.2
C2776,FL1396,Pilot,8.9
C2777,FL1353,Attendant,8.0
C2778,FL1105,Pilot,7.7
C2779,FL1084,Pilot,4.4
C2780,FL1213,Attendant,6.0
C2781,FL1120,Attendant,7.7
C2782,FL1131,Co-Pilot,4.6
C2783,FL1337,Pilot,6.8
C2784,FL1196,Pilot,7.0
C2785,FL1018,Pilot,6.4
C2786,FL1129,Pilot,9.5
C2787,FL1011,Co-Pilot,6.2
C2788,FL1080,Attendant,8.2
C2789,FL1329,Attendant,7.3
C2790,FL1353,Pilot,7.8
C2791,FL1261,Pilot,11.2
C2792,FL1391,Pilot,8.4
C2793,FL1124,Co-Pilot,8.7
C2794,FL1306,Co-Pilot,6.5
C2795,FL1266,Attendant,9.3
C2796,FL1446,Pilot,9.2
C2797,FL1440,Pilot,9.0
C2798,FL1382,Pilot,5.6
C2799,FL1139,Pilot,6.8
C2800,FL1328,Co-Pilot,10.9
C2801,FL1001,Attendant,6.6
C2802,FL1007,Attendant,11.1
C2803,FL1249,Co-Pilot,6.9
C2804,FL1138,Pilot,8.3
C2805,FL1123,Attendant,7.6
C2806,FL1308,Attendant,6.3
C2807,FL1227,Co-Pilot,6.3
C2808,FL1009,Pilot,6.6
C2809,FL1468,Attendant,8.3
C2810,FL1211,Pilot,9.8
C2811,FL1111,Attendant,8.2
C2812,FL1007,Co-Pilot,7.9
C2813,FL1291,Pilot,10.4
C2814,FL1476,Co-Pilot,8.1
C2815,FL1361,Attendant,6.9
C2816,FL1459,Co-Pilot,6.0
C2817,FL1252,Co-Pilot,10.5
C2818,FL1013,Co-Pilot,7.3
C2819,FL1239,Attendant,6.8
C2820,FL1437,Pilot,6.7
C2821,FL1241,Co-Pilot,10.4
C2822,FL1468,Pilot,6.9
C2823,FL1341,Attendant,10.0
C2824,FL1148,Pilot,7.5
C2825,FL1235,Co-Pilot,5.6
C2826,FL1305,Co-Pilot,7.3
C2827,FL1477,Co-Pilot,7.9
C2828,FL1166,Co-Pilot,7.8
C2829,FL1019,Co-Pilot,7.7
C2830,FL1215,Co-Pilot,7.4
C2831,FL1342,Attendant,6.4
C2832,FL1134,Attendant,8.0
C2833,FL1392,Attendant,9.1
C2834,FL1128,Pilot,5.1
C2835,FL1409,Pilot,10.6
C2836,FL1421,Attendant,0.6
C2837,FL1293,Pilot,8.2
C2838,FL1245,Pilot,8.9
C2839,FL1188,Co-Pilot,6.8
C2840,FL1043,Co-Pilot,3.7
C2841,FL1085,Pilot,7.8
C2842,FL1043,Pilot,8.3
C2843,FL1329,Attendant,5.7
C2844,FL1374,Pilot,6.3
C2845,FL1445,Co-Pilot,9.9
C2846,FL1377,Pilot,8.2
C2847,FL1389,Attendant,5.0
C2848,FL1144,Co-Pilot,8.9
C2849,FL1050,Co-Pilot,6.1
C2850,FL1241,Co-Pilot,6.5
C2851,FL1293,Co-Pilot,8.4
C2852,FL1407,Pilot,8.2
C2853,FL1050,Attendant,7.2
C2854,FL1265,Pilot,7.0
C2855,FL1119,Pilot,7.5
C2856,FL1199,Co-Pilot,6.4
C2857,FL1404,Attendant,10.2
C2858,FL1247,Co-Pilot,4.9
C2859,FL1069,Pilot,7.5
C2860,FL1340,Pilot,5.1
C2861,FL1056,Co-Pilot,9.9
C2862,FL1381,Pilot,7.5
C2863,FL1038,Pilot,5.9
C2864,FL1471,Co-Pilot,9.4
C2865,FL1288,Pilot,3.4
C2866,FL1442,Attendant,8.6
C2867,FL1017,Co-Pilot,10.3
C2868,FL1439,Attendant,8.4
C2869,FL1219,Pilot,7.0
C2870,FL1312,Pilot,5.5
C2871,FL1243,Co-Pilot,10.2
C2872,FL1351,Pilot,9.9
C2873,FL1459,Co-Pilot,6.7
C2874,FL1303,Co-Pilot,6.8
C2875,FL1297,Co-Pilot,10.4
C2876,FL1282,Co-Pilot,9.1
C2877,FL1073,Co-Pilot,4.4
C2878,FL1109,Attendant,7.6
C2879,FL1179,Co-Pilot,7.5
C2880,FL1425,Attendant,8.5
C2881,FL1031,Pilot,8.0
C2882,FL1233,Co-Pilot,7.0
C2883,FL1281,Pilot,8.4
C2884,FL1024,Co-Pilot,7.1
C2885,FL1330,Attendant,14.8
C2886,FL1278,Attendant,8.2
C2887,FL1225,Attendant,8.0
C2888,FL1056,Pilot,11.7
C2889,FL1179,Co-Pilot,5.3
C2890,FL1231,Pilot,7.8
C2891,FL1381,Attendant,6.1
C2892,FL1342,Pilot,9.3
C2893,FL1476,Attendant,7.0
C2894,FL1286,Attendant,9.2
C2895,FL1063,Attendant,9.0
C2896,FL1454,Co-Pilot,9.6
C2897,FL1231,Co-Pilot,9.0
C2898,FL1288,Attendant,7.6
C2899,FL1212,Pilot,5.2
C2900,FL1257,Pilot,10.0
C2901,FL1017,Co-Pilot,10.8
C2902,FL1174,Attendant,6.1
C2903,FL1416,Pilot,9.5
C2904,FL1228,Attendant,5.7
C2905,FL1225,Pilot,8.4
C2906,FL1083,Co-Pilot,8.8
C2907,FL1290,Attendant,7.1
C2908,FL1434,Attendant,8.2
C2909,FL1369,Pilot,9.7
C2910,FL1245,Pilot,7.8
C2911,FL1401,Pilot,6.6
C2912,FL1109,Attendant,5.6
C2913,FL1253,Co-Pilot,7.2
C2914,FL1087,Co-Pilot,5.7
C2915,FL1071,Pilot,7.2
C2916,FL1380,Co-Pilot,7.1
C2917,FL1029,Pilot,9.6
C2918,FL1171,Co-Pilot,8.1
C2919,FL1308,Attendant,13.1
C2920,FL1393,Pilot,4.0
C2921,FL1342,Co-Pilot,8.6
C2922,FL1435,Attendant,7.1
C2923,FL1176,Co-Pilot,6.1
C2924,FL1138,Attendant,7.9
C2925,FL1193,Attendant,7.8
C2926,FL1185,Co-Pilot,10.2
C2927,FL1217,Co-Pilot,8.2
C2928,FL1163,Attendant,6.6
C2929,FL1160,Attendant,8.7
C2930,FL1430,Attendant,7.5
C2931,FL1012,Pilot,5.7
C2932,FL1295,Attendant,7.5
C2933,FL1088,Pilot,8.5
C2934,FL1323,Attendant,8.1
C2935,FL1041,Pilot,8.7
C2936,FL1402,Attendant,6.9
C2937,FL1209,Attendant,8.6
C2938,FL1228,Attendant,8.2
C2939,FL1349,Co-Pilot,8.3
C2940,FL1274,Co-Pilot,8.1
C2941,FL1441,Attendant,12.4
C2942,FL1278,Pilot,10.2
C2943,FL1250,Pilot,8.6
C2944,FL1309,Attendant,6.4
C2945,FL1207,Co-Pilot,7.4
C2946,FL1320,Pilot,11.2
C2947,FL1139,Co-Pilot,6.9
C2948,FL1279,Pilot,7.7
C2949,FL1033,Attendant,7.6
C2950,FL1308,Co-Pilot,8.7
C2951,FL1391,Pilot,7.1
C2952,FL1017,Attendant,8.4
C2953,FL1056,Attendant,7.2
C2954,FL1111,Attendant,10.6
C2955,FL1004,Co-Pilot,6.6
C2956,FL1409,Co-Pilot,10.0
C2957,FL1413,Attendant,6.8
C2958,FL1181,Co-Pilot,6.3
C2959,FL1012,Pilot,6.6
C2960,FL1338,Attendant,4.6
C2961,FL1284,Attendant,8.9
C2962,FL1258,Co-Pilot,5.7
C2963,FL1089,Attendant,7.3
C2964,FL1103,Pilot,9.5
C2965,FL1378,Co-Pilot,9.5
C2966,FL1185,Co-Pilot,5.1
C2967,FL1249,Attendant,8.6
C2968,FL1254,Attendant,10.3
C2969,FL1075,Attendant,6.7
C2970,FL1385,Co-Pilot,9.0
C2971,FL1458,Attendant,5.7
C2972,FL1107,Pilot,8.8
C2973,FL1155,Attendant,8.3
C2974,FL1081,Attendant,9.3
C2975,FL1076,Co-Pilot,9.2
C2976,FL1484,Attendant,5.3
C2977,FL1469,Co-Pilot,8.3
C2978,FL1459,Attendant,10.9
C2979,FL1257,Pilot,3.6
C2980,FL1126,Pilot,9.9
C2981,FL1484,Co-Pilot,11.2
C2982,FL1390,Co-Pilot,5.0
C2983,FL1281,Attendant,6.7
C2984,FL1473,Attendant,9.0
C2985,FL1087,Pilot,6.2
C2986,FL1203,Attendant,10.7
C2987,FL1015,Pilot,10.1
C2988,FL1150,Co-Pilot,5.2
C2989,FL1423,Attendant,6.5
C2990,FL1253,Co-Pilot,9.5
C2991,FL1187,Attendant,9.5
C2992,FL1328,Pilot,12.4
C2993,FL1031,Co-Pilot,6.2
C2994,FL1270,Co-Pilot,10.9
C2995,FL1484,Attendant,6.2
C2996,FL1396,Co-Pilot,9.0
C2997,FL1004,Pilot,9.8
C2998,FL1458,Co-Pilot,2.0
C2999,FL1329,Co-Pilot,9.8
